{
    "A-1": [
        [0.781549, 0.046241, 0.001944],
        [0.046241, 0.616831, 0.148666],
        [0.001944, 0.148666, 0.696252]
    ],
    "b": [-18.094689, -32.767930, 36.941756]
}